"DESCRIPTION","DURATION IN MS","NAME","PARENT SUITE","START TIME","STATUS","STOP TIME","SUB SUITE","SUITE","TEST CLASS","TEST METHOD"
"测试：最小值在范围内

验证目标：确保温度最小值不低于下限
业务含义：温度过低可能导致工艺异常
影响范围：最小值异常可能表示存在极端异常数据
","1","test_luhou_wendu_range_min","tests.test_rtd_mts_lg1","Wed May 06 01:13:03 UTC 2026","passed","Wed May 06 01:13:03 UTC 2026","","test_pointbof1no1","",""
"测试：所有值都在范围内

验证目标：确保所有温度数据都在有效范围内
业务含义：异常数据需要排查原因
","1","test_luhou_wendu_all_in_range","tests.test_rtd_mts_lg1","Wed May 06 01:13:03 UTC 2026","passed","Wed May 06 01:13:03 UTC 2026","","test_pointbof1no1","",""
"测试：输出统计信息

验证目标：展示温度数据的统计概览
用途：为数据分析提供基础信息
","6","test_luhou_wendu_statistics","tests.test_rtd_mts_lg1","Wed May 06 01:13:03 UTC 2026","passed","Wed May 06 01:13:03 UTC 2026","","test_pointbof1no1","",""
"测试数据库能否正常连接

验证目标：确保数据库连接可用
前置条件：数据库服务已启动
预期结果：能成功执行简单查询
影响范围：此测试失败将阻塞所有数据测试
","146","test_db_connection","tests.test_common","Wed May 06 01:13:03 UTC 2026","passed","Wed May 06 01:13:03 UTC 2026","","test_connection","",""
"测试：最大值在范围内

验证目标：确保温度最大值不超过上限
业务含义：温度过高可能导致设备损坏
影响范围：最大值异常可能表示存在极端异常数据
","1","test_luhou_wendu_range_max","tests.test_rtd_mts_lg1","Wed May 06 01:13:03 UTC 2026","passed","Wed May 06 01:13:03 UTC 2026","","test_pointbof1no1","",""
"测试：表中有数据

验证目标：确保目标表中有数据记录
前置条件：数据库连接正常
预期结果：表不为空，至少有一条记录
","2","test_table_has_data","tests.test_rtd_mts_lg1","Wed May 06 01:13:03 UTC 2026","passed","Wed May 06 01:13:03 UTC 2026","","test_pointbof1no1","",""
"测试能访问 steelworks 用户的表

验证目标：确保有权限访问目标表
前置条件：数据库连接正常
预期结果：能查询目标表结构
影响范围：此测试失败将阻塞后续数据验证测试
","11","test_steelworks_schema_accessible","tests.test_common","Wed May 06 01:13:03 UTC 2026","passed","Wed May 06 01:13:03 UTC 2026","","test_connection","",""
